label,in_change,out_change,in_file,out_file,in_loc,out_loc,in_change_file_r,out_change_file_r,in_change_loc_r,out_change_loc_r
0,7087.0,16940,195,545,53970,60156,0.18637738330046022,0.1593977887555869,2.4330867665794333e-06,5.21773522865625e-06
1,974.0,6138,129,611,10813,103313,0.05853013641007151,0.07787462413884977,8.330413340997883e-06,5.494468758672189e-06
2,2198.0,9379,135,605,17172,96954,0.12060356652949246,0.11483318028772574,7.453940615574224e-06,5.633391377626178e-06
3,3262.0,13803,205,535,29786,84340,0.07762046400951815,0.12585365853658537,3.6767117783797707e-06,5.494494033727046e-06
4,204.0,3412,76,664,2385,111741,0.035318559556786706,0.06761255548509829,3.5863560249462706e-05,1.2802892102782534e-05
