label,in_change,out_change,in_file,out_file,in_loc,out_loc,in_change_file_r,out_change_file_r,in_change_loc_r,out_change_loc_r
0,728.0,6474,113,627,10791,103335,0.057013078549612344,0.09137485709446586,6.25184200691823e-06,5.805819887836026e-06
1,2487.0,12567,113,627,33518,80608,0.19476858015506304,0.17737223186687556,2.2137042151716083e-06,4.651310935511747e-06
2,112.0,2137,58,682,3047,111079,0.03329369797859691,0.05402467388006876,1.2063494046719543e-05,6.3139349996139695e-06
3,2892.0,10093,97,643,24351,89775,0.3073652885535126,0.1618220006092575,4.877133990863074e-06,4.6168743877040734e-06
4,650.0,5822,80,660,8298,105828,0.1015625,0.11026515151515151,9.439880480075724e-06,6.629765723164688e-06
5,1413.0,10671,148,592,18975,95151,0.06450876552227904,0.12179282322863404,3.924448124482494e-06,5.910306160754761e-06
6,158.0,2611,43,697,1413,112713,0.08545159545700379,0.08711754696206332,7.913575739180564e-05,1.639421781023745e-05
7,890.0,7632,73,667,13436,100690,0.1670106961906549,0.15674354603520158,4.930035156800821e-06,5.6413367590951994e-06
8,4.0,447,15,725,297,113829,0.017777777777777778,0.04110344827586207,4.5346846693648044e-05,1.3222030458411346e-05
