label,in_change,out_change,in_file,out_file,in_loc,out_loc,in_change_file_r,out_change_file_r,in_change_loc_r,out_change_loc_r
0,38257.0,302,729,11,114014,112,0.07198729492079083,0.0376605561790747,2.9430290300478913e-06,2.3649977822272452e-05
1,0.0,36,2,738,9,114117,0.0,0.024390243902439025,0.0,3.50517451387611e-05
2,0.0,59,3,737,16,114110,0.0,0.02668475802804161,0.0,3.231530978880028e-05
3,1.0,25,2,738,47,114079,0.25,0.016937669376693765,0.0004526935264825713,4.662688957801359e-06
4,0.0,153,1,739,3,114123,0.0,0.2070365358592693,0.0,0.00044688625430456614
5,0.0,8,2,738,17,114109,0.0,0.005420054200542005,0.0,4.124023830671706e-06
6,0.0,23,1,739,20,114106,0.0,0.03112313937753721,0.0,1.0078348202548508e-05
