Project,cluster_sum,File_bs,file_sum,File_bs%,BFin,BFout,fr,loc,bc,bfr,bug_density_file_average,bug_density_loc_average,density_bf_file,density_bf_loc,bfin_bfr,buggy_file_threshold,current_accumulate_file,file_in_top_cluster,top_buggy_cluster
atlas,39,540,740,0.7297297297297297,798,163,0.7391891891891892,0.8968245623258504,0.886933353705702,0.7950052029136316,6.422741433021808,0.20834744126213453,1.396709323583181,0.0074645093843733815,0.9573934837092731,432,437,547,"[1, 11, 36]"
