Project,cluster_sum,file_sum,BFin,BFout,bc_top,bc_all,bfr_top,bfr_all,bftop_in_bfin
atlas,39,740,642,101,0.6099726488533558,0.6189354092152325,0.8358008075370121,0.8640646029609691,0.9672897196261683
