label,in_change,out_change,in_file,out_file,in_loc,out_loc,in_change_file_r,out_change_file_r,in_change_loc_r,out_change_loc_r
0,38517.0,44,736,4,114100,26,0.07110445711247637,0.014945652173913044,2.958565337384907e-06,1.4831793972898267e-05
1,0.0,36,2,738,9,114117,0.0,0.024390243902439025,0.0,3.50517451387611e-05
2,0.0,8,2,738,17,114109,0.0,0.005420054200542005,0.0,4.124023830671706e-06
