label,in_change,out_change,in_file,out_file,in_loc,out_loc,in_change_file_r,out_change_file_r,in_change_loc_r,out_change_loc_r
0,4783.0,15581,292,448,32460,81666,0.05609635954212798,0.11910622553816047,4.5394511810165715e-06,5.877674447498979e-06
1,15470.0,15988,346,394,77434,36692,0.1292224932339871,0.11727942255215516,2.580042888671682e-06,5.6271832805918766e-06
2,296.0,4455,102,638,4232,109894,0.028450595924644367,0.06845841784989858,1.6527242255423617e-05,9.579174129749984e-06
