label,in_change,out_change,in_file,out_file,in_loc,out_loc,in_change_file_r,out_change_file_r,in_change_loc_r,out_change_loc_r
0,3592.0,14507,126,614,41627,72499,0.22625346434870244,0.18751615738586422,2.0729369933242005e-06,4.806959706792331e-06
1,396.0,5856,86,654,6854,107272,0.053542455381287185,0.10411777256240666,8.429600362864495e-06,7.964721419832152e-06
2,15.0,985,33,707,985,113141,0.013774104683195593,0.04221850756504222,1.546033136643562e-05,8.838528915247346e-06
3,908.0,5702,70,670,8471,105655,0.1853061224489796,0.12157782515991471,1.2653669443594325e-05,6.370924770847685e-06
4,776.0,3353,79,661,6427,107699,0.12433904822945041,0.0642103448936211,1.8786467323203666e-05,4.844105383907032e-06
5,2952.0,12703,174,566,27496,86630,0.09750297265160524,0.12898541895130172,3.9046068774073645e-06,5.332961698293765e-06
6,189.0,3886,72,668,3963,110163,0.036458333333333336,0.08079673985362608,1.203410120449892e-05,8.901085437435059e-06
7,1381.0,9712,100,640,18303,95823,0.1381,0.15175,4.122390410079309e-06,5.537536865594337e-06
