label,in_change,out_change,in_file,out_file,in_loc,out_loc,in_change_file_r,out_change_file_r,in_change_loc_r,out_change_loc_r
0,1444.0,9912,104,636,17898,96228,0.13350591715976332,0.14985486211901305,4.507733015988929e-06,5.755132543559142e-06
1,6.0,604,21,719,390,113736,0.013605442176870748,0.04000264918206504,3.944773175542406e-05,1.361677875710372e-05
2,177.0,3369,69,671,3687,110439,0.037177063642092,0.07276615045681332,1.3020479890751553e-05,8.273807414835907e-06
3,981.0,5648,123,617,10126,104000,0.06484235574063058,0.0744225270453677,9.56738302991628e-06,5.363192998982057e-06
4,3324.0,13374,192,548,28686,85440,0.09016927083333333,0.12710994525547445,4.0394387466726945e-06,5.456700093300024e-06
5,918.0,7187,92,648,9245,104881,0.10845935727788279,0.12055488459473966,1.0740607598979876e-05,7.412145054925856e-06
6,4106.0,15116,139,601,44094,70032,0.2125148801821852,0.18094542668693664,2.1118348357778084e-06,4.895091974309273e-06
