label,in_change,out_change,in_file,out_file,in_loc,out_loc,in_change_file_r,out_change_file_r,in_change_loc_r,out_change_loc_r
0,24972.0,11119,496,244,97204,16922,0.101505593132154,0.09187433897408778,2.642926300426549e-06,6.7597386111517775e-06
1,2470.0,11119,244,496,16922,97204,0.04148750335931201,0.09187433897408778,8.625684556327124e-06,6.7597386111517775e-06
