label,in_change,out_change,in_file,out_file,in_loc,out_loc,in_change_file_r,out_change_file_r,in_change_loc_r,out_change_loc_r
0,229.0,4231,74,666,4278,109848,0.041818845872899926,0.0858493628763899,1.2512783256081923e-05,9.003473506456744e-06
1,2080.0,9654,127,613,17644,96482,0.12896025792051585,0.12400611424387613,6.681427138446006e-06,5.67105615733812e-06
2,4112.0,14757,208,532,32091,82035,0.09504437869822485,0.13335923944476577,3.992883186772041e-06,5.60551661692953e-06
3,19.0,1074,41,699,1161,112965,0.011302795954788817,0.03747513869988485,1.4095781577703737e-05,8.188948784873228e-06
4,5321.0,15951,164,576,48481,65645,0.19783610945865557,0.16885797764227642,2.2638628895955027e-06,5.012041901204459e-06
5,1008.0,5917,126,614,10471,103655,0.06349206349206349,0.0764826017269014,9.19357054575543e-06,5.4515895918973845e-06
