Project,DSproj,DSclus,DSintersection,DSunion,JC
flume,472,480,466,486,0.9588477366255144
kylin,624,662,587,699,0.8397711015736766