Project,Top_10,Top10_BC,FileSum_10_rate,Top_20,Top20_BC,FileSum_20_rate
flume,3,0.5840973530081335,0.1911764705882352,5,0.6896251991970033,0.218954248366013
kylin,5,0.6214492336992651,0.0847107438016528,9,0.824676141365866,0.2066115702479339