label,in_change,out_change,in_file,out_file,in_loc,out_loc,in_change_file_r,out_change_file_r,in_change_loc_r,out_change_loc_r
0,2214.0,10593,200,540,20453,93673,0.05535,0.09808333333333333,5.292533063672e-06,5.529011899562585e-06
1,277.0,4358,98,642,3829,110297,0.028842149104539774,0.06926695912009663,1.8893352888749323e-05,1.0319012997156781e-05
2,13127.0,16612,303,437,71054,43072,0.14298162489516278,0.12545785470995613,2.6000902452165295e-06,5.427981422245417e-06
3,2315.0,9693,139,601,18790,95336,0.11981781481289788,0.11602963885131495,6.5568830135944155e-06,5.410962277984193e-06
