label,in_change,out_change,in_file,out_file,in_loc,out_loc,in_change_file_r,out_change_file_r,in_change_loc_r,out_change_loc_r
0,38525.0,36,738,2,114117,9,0.07073427780348264,0.024390243902439025,2.958298240995582e-06,3.50517451387611e-05
1,0.0,36,2,738,9,114117,0.0,0.024390243902439025,0.0,3.50517451387611e-05
